t,swing_joint,boom_joint,arm_joint,bucket_joint,bucket_end_joint,ee_x,ee_y,ee_z
0.000000000,5.898810923099518e-05,-0.7998474836349487,1.2000738382339478,-0.000251724268309772,-3.193398878664766e-10,8.370924743819572,-0.08658957811544413,4.274166931342014
0.200000000,0.030058988109230935,-0.7954283880738371,1.2102686750848002,0.022139135327247553,0.014099969747580704,8.346424003155926,0.16061635734399252,4.165156079822795
0.400000000,0.1167251473815314,-0.7826621867492098,1.2397202535605036,0.08682346212565731,0.054832978132727764,8.22021666458254,0.8638003406190273,3.8565571899007747
0.600000000,0.21672514738153204,-0.767931868212171,1.2737030430633458,0.1614596607775157,0.1018328783557968,7.976210863070567,1.6441361819741478,3.5140789837248114
0.800000000,0.31672514738153285,-0.7532015496751321,1.3076858325661878,0.23609585942937422,0.14883277857886593,7.634336124493514,2.3770263419002373,3.18875921503538
1.000000000,0.41672514738153366,-0.7384712311380932,1.34166862206903,0.3107320580812327,0.19583267880193506,7.204679358503382,3.0493886335878826,2.8830815728125394
1.200000000,0.5167251473815345,-0.7237409126010542,1.375651411571872,0.3853682567330912,0.24283257902500416,6.699189720639571,3.6503276586730573,2.599264996642242
1.400000000,0.6167251473815353,-0.7090105940640152,1.4096342010747143,0.4600044553849498,0.2898324792480733,6.131199608158342,4.171404508312562,2.339233741067541
1.600000000,0.716725147381536,-0.6942802755269764,1.443616990577556,0.5346406540368083,0.3368323794711424,5.514907964867623,4.606801216485999,2.1045918022772203
1.800000000,0.8167251473815341,-0.6795499569899379,1.477599780080397,0.6092768526886647,0.3838322796942102,4.864849011872042,4.953375404053091,1.8966020874713791
2.000000000,0.9167251473815318,-0.6648196384528995,1.5115825695832383,0.6839130513405209,0.43083217991727785,4.195369822744952,5.210605614696782,1.7161706354745254
2.200000000,1.0167251473815295,-0.650089319915861,1.5455653590860794,0.7585492499923772,0.47783208014034556,3.520139360263961,5.380432832433078,1.5638361207276286
2.400000000,1.1167251473815272,-0.6353590013788226,1.5795481485889202,0.8331854486442334,0.5248319803634132,2.8517097328985805,5.4670083462898305,1.43976479284192
2.600000000,1.2167251473815246,-0.6206286828417842,1.6135309380917613,0.9078216472960892,0.5718318805864808,2.2011476092829345,5.476362268617549,1.3437509216535932
2.800000000,1.3167251473815225,-0.6058983643047456,1.6475137275946024,0.9824578459479456,0.6188317808095485,1.5777500907750583,5.416010423854181,1.2752227344281915
3.000000000,1.409121906624465,-0.5922880273503595,1.678912723795579,1.051419274724387,0.6622581654630804,1.0322866058018974,5.305700170440761,1.2355383498217745
3.200000000,1.4542591714266084,-0.5844963842462615,1.6933788592644081,1.0801855473848498,0.6810008993496668,0.7788918037883708,5.243721322555503,1.214153523607495
3.400000000,1.4781633732149588,-0.571559907696179,1.694311494797486,1.0574707736717235,0.6718713396918552,0.6539528334842244,5.273404445235448,1.127391053751033
3.600000000,1.4830145457877169,-0.5537187983091527,1.6828801640251736,0.9873199325868214,0.6371082013106625,0.6387562256479813,5.395961101429883,0.9798390340511833
3.800000000,1.4920149162487446,-0.5206182248888882,1.6616716396384887,0.8571692219189828,0.5726122224259503,0.6077809736460671,5.6275128223792,0.7184019618656818
4.000000000,1.5049304414038114,-0.47311892577584336,1.6312374223577475,0.6704030454755773,0.4800605389932383,0.5564838910975742,5.9650229160685555,0.37349537582104975
4.200000000,1.5187611310940072,-0.42225393510400955,1.598646706136751,0.47040304547559975,0.38095085522161914,0.4919496843229408,6.325493376760056,0.04673946652451377
4.400000000,1.5325918207842026,-0.3713889444321758,1.566055989915755,0.2704030454756224,0.28184117145000004,0.41715299557817526,6.675474682124623,-0.23381755912447932
4.600000000,1.5464225104743983,-0.32052395376034204,1.5334652736947587,0.07040304547564508,0.18273148767838104,0.3322738730684533,7.005146781467489,-0.46762254696584726
4.800000000,1.5602532001645941,-0.2696589630885082,1.5008745574737623,-0.12959695452433256,0.08362180390676183,0.23802998712694484,7.304905792872745,-0.6557936869796572
5.000000000,1.573997000852311,-0.21911352324165562,1.4684885869947313,-0.32834048786321157,-0.014865239797601957,0.13632590818638438,7.564185649043492,-0.8002755182883223
5.200000000,1.5849039459304637,-0.17900115921025667,1.4427873992851947,-0.48606140160597755,-0.09302358922369247,0.051007086233600646,7.737165676815231,-0.8874865264887148
5.400000000,1.5916616841015565,-0.15414829238041283,1.4268634264419604,-0.5837823153487305,-0.14144903351828753,-0.0034167809451562843,7.828035487222429,-0.9305812690226055
5.600000000,1.5942702153655897,-0.1445549227521221,1.4207166684650268,-0.6215032290914788,-0.16014157268139112,-0.02467328263456762,7.859567264615541,-0.9451657945867392
5.625736378,1.594304568787004,-0.14442858151398222,1.4206357178664943,-0.622,-0.1603877467196435,-0.0249540175183959,7.859969024522555,-0.9453505960034114
